date,allMean,prop0,propPos,posMean,negMean,allMeanOrig,prop0Orig,propPosOrig,posMeanOrig,negMeanOrig
2017-01-19,0.0094122,0.303,0.318,0.50606918239,-0.399783113456,0.0542061674009,0.2775330396475771,0.40969162995594716,0.481597849462,-0.457518309859
2017-01-22,-0.0545826,0.283,0.31,0.41352516129,-0.44907960688,-0.0385356164384,0.2648401826484018,0.3470319634703196,0.454631578947,-0.50578
2017-01-18,-0.0251781,0.274,0.358,0.445589385475,-0.501899728261,-0.015623630137,0.2808219178082192,0.3458904109589041,0.465096039604,-0.472814678899
2017-01-17,-0.0405684,0.245,0.338,0.450451183432,-0.462400239808,-0.0259093023256,0.22093023255813954,0.34108527131782945,0.452061363636,-0.411203539823
2017-01-16,-0.0531347,0.266,0.322,0.438493167702,-0.471673543689,-0.0414778688525,0.21311475409836064,0.35655737704918034,0.452952873563,-0.47169047619
2017-01-20,-0.0150144,0.293,0.324,0.487035802469,-0.451211488251,-0.00883586956522,0.2608695652173913,0.3695652173913043,0.439361764706,-0.463270588235
2017-01-21,-0.0815047,0.269,0.262,0.452952290076,-0.426819189765,0.0400061797753,0.2640449438202247,0.39325842696629215,0.500502857143,-0.457608196721
2017-01-22,0.012067,0.234,0.401,0.428406483791,-0.4376,-0.00426534653465,0.25742574257425743,0.3811881188118812,0.437909090909,-0.473706849315
2017-01-24,-0.0204819,0.255,0.361,0.436473130194,-0.463668489583,-0.0445276315789,0.3026315789473684,0.3157894736842105,0.455065277778,-0.493298850575
2017-01-25,-0.0807967,0.267,0.295,0.430491525424,-0.474410273973,-0.0881480582524,0.2961165048543689,0.2912621359223301,0.434145,-0.520084705882
2017-01-27,-0.1120487,0.269,0.268,0.434406716418,-0.493455075594,-0.0900293650794,0.25396825396825395,0.30158730158730157,0.425264473684,-0.491138392857
2017-01-23,-0.0219907,0.234,0.354,0.428184180791,-0.42128131068,-0.0376800925926,0.27314814814814814,0.3101851851851852,0.476959701493,-0.445502222222
2017-01-28,-0.1459563,0.187,0.284,0.403003521127,-0.49226710775,-0.176710526316,0.18421052631578946,0.25,0.392481578947,-0.485747674419
2017-01-26,-0.082819,0.274,0.28,0.426463928571,-0.453428026906,-0.0421049773756,0.27149321266968324,0.3257918552036199,0.454034722222,-0.471861797753
2017-01-31,-0.1038829,0.263,0.278,0.43174352518,-0.487816122004,-0.0637025252525,0.29292929292929293,0.2777777777777778,0.520805454545,-0.485381176471
2017-01-30,-0.0979478,0.239,0.294,0.468175510204,-0.504478372591,-0.108278508772,0.18421052631578946,0.32894736842105265,0.460041333333,-0.533248648649
2017-02-02,-0.0351592,0.263,0.339,0.462225073746,-0.482043969849,-0.0686066037736,0.32075471698113206,0.2830188679245283,0.473076666667,-0.511061904762
2017-02-03,-0.0717364,0.276,0.316,0.410599367089,-0.493837745098,-0.0912745833333,0.26666666666666666,0.2875,0.442184057971,-0.489874766355
2017-02-04,-0.1189374,0.24,0.292,0.440680821918,-0.529094444444,-0.0697506912442,0.29493087557603687,0.2995391705069124,0.415892307692,-0.479192045455
2017-02-01,-0.0884439,0.248,0.312,0.427803846154,-0.504360681818,-0.0487336206897,0.23275862068965517,0.34051724137931033,0.468264556962,-0.48786969697
2017-01-29,-0.1150631,0.223,0.3,0.412494333333,-0.500652830189,-0.069910880829,0.20725388601036268,0.3471502590673575,0.441176119403,-0.5006
2017-02-11,-0.0549796,0.303,0.31,0.405942903226,-0.46724005168,-0.0406526066351,0.2985781990521327,0.3080568720379147,0.463070769231,-0.465991566265
2017-02-07,-0.1450722,0.224,0.282,0.438373404255,-0.543913967611,-0.0420136929461,0.3070539419087137,0.31950207468879666,0.48148961039,-0.524444444444
2017-02-09,-0.127471,0.254,0.261,0.451936015326,-0.506033608247,-0.0851669456067,0.2594142259414226,0.29707112970711297,0.461809859155,-0.501352830189
2017-02-10,-0.0924522,0.317,0.283,0.430031448763,-0.53537775,-0.191831921824,0.30944625407166126,0.23127035830618892,0.374695774648,-0.606353191489
2017-02-06,-0.1386452,0.199,0.287,0.42993902439,-0.509800972763,-0.0485921161826,0.2572614107883817,0.34024896265560167,0.435864634146,-0.489191752577
2017-02-05,-0.0067849,0.225,0.393,0.493275063613,-0.525240837696,-0.0361663101604,0.22459893048128343,0.35294117647058826,0.507604545455,-0.509683544304
2017-02-08,-0.0411267,0.247,0.348,0.399001436782,-0.44439308642,0.00743929961089,0.2529182879377432,0.39299610894941633,0.432081188119,-0.458552747253
2017-02-16,0.0249032,0.268,0.412,0.416048058252,-0.457839375,-0.000826209677419,0.27419354838709675,0.39919354838709675,0.387591919192,-0.47625308642
2017-02-14,-0.0200418,0.281,0.363,0.424268044077,-0.48890758427,-0.0251719626168,0.2757009345794392,0.34579439252336447,0.472260810811,-0.497951851852
2017-02-15,-0.0415212,0.275,0.333,0.444869369369,-0.483833418367,-0.043167768595,0.2892561983471074,0.33884297520661155,0.464932926829,-0.539678888889
2017-02-13,-0.0130423,0.264,0.376,0.414699734043,-0.469359444444,-0.0307246808511,0.2978723404255319,0.32340425531914896,0.422003947368,-0.44148988764
2017-02-17,-0.0479936,0.266,0.344,0.436855232558,-0.508389230769,-0.0680941176471,0.27310924369747897,0.31092436974789917,0.427478378378,-0.48323030303
2017-02-18,0.0589485,0.272,0.416,0.490849759615,-0.465528846154,0.0201844660194,0.21359223300970873,0.4029126213592233,0.475086746988,-0.446508860759
2017-02-12,-0.0768979,0.237,0.317,0.473070031546,-0.508657174888,-0.0956268656716,0.23880597014925373,0.3246268656716418,0.493026436782,-0.585652136752
2017-02-24,-0.0502966,0.233,0.349,0.431450429799,-0.480556937799,-0.0965267326733,0.3069306930693069,0.25742574257425743,0.439376923077,-0.481204545455
2017-02-19,-0.0784579,0.276,0.311,0.420882636656,-0.50690653753,-0.0548411764706,0.2579185520361991,0.334841628959276,0.405593243243,-0.468153333333
2017-02-22,-0.0490486,0.323,0.31,0.429573225806,-0.496502179837,-0.00728082706767,0.2593984962406015,0.3684210526315789,0.450651020408,-0.465661616162
2017-02-25,-0.0290616,0.259,0.339,0.464773746313,-0.464228606965,-0.0114093632959,0.250936329588015,0.34831460674157305,0.463989247312,-0.43175046729
2017-02-23,-0.1256426,0.241,0.267,0.43243670412,-0.490047154472,-0.0474736842105,0.27631578947368424,0.33771929824561403,0.409533766234,-0.481342045455
2017-02-20,-0.0608127,0.271,0.318,0.440361320755,-0.488680291971,-0.0508961206897,0.2543103448275862,0.34913793103448276,0.375695061728,-0.45912173913
2017-02-21,-0.0762224,0.271,0.294,0.428686734694,-0.464957011494,-0.102496888889,0.27555555555555555,0.26666666666666666,0.412931666667,-0.46444368932
2017-02-27,-0.0230802,0.288,0.345,0.428668405797,-0.465860490463,0.0102345454545,0.3090909090909091,0.3709090909090909,0.462325490196,-0.503894318182
2017-02-26,-0.0529834,0.258,0.321,0.459818691589,-0.476449406176,-0.0495412037037,0.2638888888888889,0.3194444444444444,0.481079710145,-0.487726666667
2017-03-04,-0.07814,0.296,0.275,0.430922909091,-0.458377156177,-0.052462804878,0.29878048780487804,0.25609756097560976,0.528135714286,-0.421720547945
2017-03-02,-0.0474163,0.366,0.282,0.410786879433,-0.463801704545,-0.0513431034483,0.3275862068965517,0.29310344827586204,0.445117647059,-0.479313636364
2017-03-01,-0.0100235,0.226,0.397,0.458121914358,-0.509012997347,0.0170172839506,0.2345679012345679,0.4279835390946502,0.454567307692,-0.526095121951
2017-03-03,-0.0973625,0.337,0.244,0.440211065574,-0.488720763723,-0.00807265306122,0.27755102040816326,0.33877551020408164,0.447046987952,-0.415773404255
2017-02-28,-0.08206,0.243,0.316,0.424805063291,-0.490472562358,-0.0159095833333,0.25416666666666665,0.375,0.417775555556,-0.465371910112
2017-03-05,-0.0495108,0.302,0.31,0.423157419355,-0.465694845361,-0.0107492307692,0.3076923076923077,0.3487179487179487,0.451938235294,-0.489968656716
2017-03-06,-0.0681279,0.283,0.312,0.422994551282,-0.494079506173,-0.0122800829876,0.2863070539419087,0.35269709543568467,0.463524705882,-0.486886206897
2017-03-09,-0.0694452,0.28,0.302,0.43313013245,-0.479068181818,-0.126038197425,0.27467811158798283,0.22317596566523606,0.466040384615,-0.458128205128
2017-03-10,-0.014412,0.265,0.368,0.433677173913,-0.474128610354,-0.0518842639594,0.27918781725888325,0.3147208121827411,0.425230645161,-0.45731875
2017-03-11,-0.0562077,0.273,0.32,0.42423375,-0.471652334152,-0.0289447236181,0.2613065326633166,0.35678391959798994,0.469647887324,-0.514539473684
2017-03-07,-0.0595906,0.271,0.314,0.41621656051,-0.458512289157,-0.0379188405797,0.28502415458937197,0.3285024154589372,0.453226470588,-0.4833575
2017-03-08,-0.0004873,0.337,0.328,0.463404573171,-0.455176119403,0.0221323420074,0.4349442379182156,0.30855018587360594,0.458796385542,-0.465601449275
2017-03-13,-0.0222857,0.269,0.36,0.449601388889,-0.496340161725,-0.0822460251046,0.32217573221757323,0.2803347280334728,0.42462238806,-0.506384210526
2017-03-12,-0.0325703,0.322,0.303,0.468324092409,-0.46526,-0.0667137931034,0.2660098522167488,0.30049261083743845,0.488013114754,-0.492178409091
2017-03-18,-0.0247736,0.374,0.31,0.405544193548,-0.476241455696,-0.0426689361702,0.48936170212765956,0.2127659574468085,0.437708,-0.455894285714
2017-03-14,0.0287023,0.578,0.238,0.447503781513,-0.422845652174,0.0728582938389,0.2796208530805687,0.41706161137440756,0.487803409091,-0.430525
2017-03-16,-0.1031737,0.256,0.288,0.394913888889,-0.475677412281,-0.0665791836735,0.24897959183673468,0.32653061224489793,0.39,-0.456845192308
2017-03-15,-0.1650789,0.235,0.26,0.439888846154,-0.553366336634,-0.115372248804,0.22488038277511962,0.3014354066985646,0.464655555556,-0.539253535354
2017-03-17,-0.0569155,0.248,0.328,0.396954878049,-0.441312971698,-0.0671692307692,0.2717948717948718,0.3333333333333333,0.3994,-0.50725974026
2017-03-22,-0.0522634,0.33,0.285,0.417373333333,-0.444713766234,-0.12461396648,0.30726256983240224,0.24581005586592178,0.437934090909,-0.5196875
2017-03-25,0.0138711,0.255,0.378,0.506511640212,-0.483897275204,-0.0499385786802,0.2436548223350254,0.37055837563451777,0.395230136986,-0.509075
2017-03-19,-0.0356432,0.249,0.358,0.422427094972,-0.475501526718,-0.0458056603774,0.32075471698113206,0.3018867924528302,0.430175,-0.465525
2017-03-20,-0.0828875,0.279,0.302,0.407823178808,-0.491766348449,-0.0123861751152,0.29493087557603687,0.34101382488479265,0.471762162162,-0.475926582278
2017-03-23,-0.0347872,0.283,0.322,0.444754658385,-0.45062835443,-0.0136291479821,0.27802690582959644,0.3542600896860987,0.436173417722,-0.457280487805
2017-03-21,-0.051472,0.291,0.322,0.455567701863,-0.51205374677,-0.0173638376384,0.31365313653136534,0.33210332103321033,0.480742222222,-0.4997125
2017-03-24,-0.0464192,0.233,0.348,0.461448850575,-0.494041527446,0.0105373626374,0.24175824175824176,0.4230769230769231,0.444574025974,-0.529744262295
2017-03-28,-0.0545301,0.244,0.364,0.403608791209,-0.513886989796,-0.012212037037,0.3194444444444444,0.33796296296296297,0.453202739726,-0.482724324324
2017-03-27,-0.0784945,0.285,0.283,0.410382332155,-0.450538657407,-0.048900913242,0.2694063926940639,0.3013698630136986,0.44475,-0.4262
2017-03-29,-0.0290028,0.263,0.331,0.461420241692,-0.447617980296,-0.0646453389831,0.2754237288135593,0.288135593220339,0.492820588235,-0.473476699029
2017-03-30,0.0357178,0.282,0.407,0.418835626536,-0.433274276527,-0.0271903553299,0.29441624365482233,0.3096446700507614,0.455421311475,-0.424835897436
2017-03-31,-0.0563365,0.344,0.284,0.460746830986,-0.50319516129,-0.0486622727273,0.2818181818181818,0.32272727272727275,0.471171830986,-0.507573563218
2017-03-26,-0.0851028,0.287,0.292,0.442517808219,-0.50906888361,-0.0416371980676,0.2995169082125604,0.3188405797101449,0.464589393939,-0.497237974684
2017-04-01,-0.0311276,0.272,0.343,0.428740524781,-0.46281974026,-0.066131372549,0.29901960784313725,0.27941176470588236,0.464452631579,-0.464704651163
2017-04-06,-0.0714954,0.242,0.333,0.442538138138,-0.514966117647,-0.0440814393939,0.2159090909090909,0.36742424242424243,0.435192783505,-0.489556363636
2017-04-04,-0.0896524,0.303,0.272,0.415661029412,-0.476969882353,-0.0556129533679,0.35751295336787564,0.29015544041450775,0.421398214286,-0.504876470588
2017-04-08,-0.0596096,0.273,0.308,0.416767532468,-0.448625298329,-0.0654919811321,0.28773584905660377,0.29245283018867924,0.455761290323,-0.4735
2017-04-05,-0.0881752,0.233,0.331,0.402762839879,-0.508003899083,-0.074884496124,0.29069767441860467,0.29069767441860467,0.418582666667,-0.469573148148
2017-04-07,-0.0951918,0.241,0.311,0.417677491961,-0.502431919643,-0.08191875,0.2932692307692308,0.2980769230769231,0.415693548387,-0.503671764706
2017-04-02,-0.0372841,0.299,0.326,0.416698773006,-0.4616744,-0.0138246861925,0.30962343096234307,0.33472803347280333,0.44843625,-0.460929411765
2017-04-03,0.0110258,0.339,0.354,0.446048305085,-0.478421172638,0.0110291208791,0.32967032967032966,0.34065934065934067,0.462153225806,-0.444103333333
2017-04-15,-0.0697579,0.225,0.308,0.465475,-0.456368736617,-0.0828885714286,0.2857142857142857,0.28,0.43903877551,-0.473926315789
2017-04-09,-0.0587434,0.243,0.319,0.444097178683,-0.457557990868,-0.0562069498069,0.25868725868725867,0.32432432432432434,0.444651190476,-0.480632407407
2017-04-13,-0.1448382,0.227,0.275,0.463185454545,-0.546614859438,-0.0953896774194,0.27741935483870966,0.27741935483870966,0.471990697674,-0.508420289855
2017-04-12,-0.0793482,0.338,0.262,0.422945038168,-0.4753995,0.00512251308901,0.3717277486910995,0.32460732984293195,0.443141935484,-0.456834482759
2017-04-14,-0.0698852,0.273,0.302,0.419590728477,-0.462592,-0.0390107954545,0.30113636363636365,0.32954545454545453,0.42145,-0.481692307692
2017-04-10,-0.0737913,0.254,0.299,0.444351839465,-0.4623098434,0.00200504587156,0.28440366972477066,0.3577981651376147,0.45745,-0.451846153846
2017-04-11,-0.0252695,0.31,0.322,0.450400621118,-0.462767663043,0.00377115384615,0.34134615384615385,0.3557692307692308,0.433336486486,-0.496547619048
2017-04-22,-0.0273697,0.262,0.356,0.40295505618,-0.447177225131,-0.0712558139535,0.2744186046511628,0.3209302325581395,0.41831884058,-0.507862068966
2017-04-16,0.0012673,0.267,0.388,0.410819845361,-0.458350144928,-0.0318095022624,0.3257918552036199,0.334841628959276,0.430663513514,-0.518653333333
2017-04-17,0.0259344,0.269,0.395,0.45221443038,-0.454435416667,-0.00770414746544,0.271889400921659,0.3640552995391705,0.443502531646,-0.464664556962
2017-04-20,-0.0369166,0.285,0.325,0.445782153846,-0.466143076923,-0.0129861607143,0.29464285714285715,0.33482142857142855,0.442022666667,-0.434465060241
2017-04-19,-0.0459526,0.327,0.288,0.475136805556,-0.474784415584,-0.00311308900524,0.35602094240837695,0.3193717277486911,0.449209836066,-0.45155483871
2017-04-21,-0.0788525,0.234,0.303,0.427247854785,-0.449910583153,0.0113393034826,0.2935323383084577,0.3781094527363184,0.441946052632,-0.474374242424
2017-04-18,-0.0119697,0.321,0.34,0.412965588235,-0.449492625369,-0.0585010152284,0.3248730964467005,0.27918781725888325,0.459125454545,-0.471494871795
2017-04-28,-0.0310654,0.247,0.364,0.418761813187,-0.47170874036,-0.0319951754386,0.32894736842105265,0.2894736842105263,0.510510606061,-0.471133333333
2017-04-27,-0.0637082,0.348,0.29,0.39664862069,-0.493746685083,-0.104836073059,0.2831050228310502,0.273972602739726,0.365446666667,-0.462741237113
2017-04-25,-0.0758335,0.245,0.32,0.3895228125,-0.460875402299,-0.0618898832685,0.2723735408560311,0.29961089494163423,0.420228571429,-0.438757272727
2017-04-26,0.0111207,0.33,0.34,0.471051764706,-0.451626969697,0.00873762886598,0.36597938144329895,0.31958762886597936,0.489311290323,-0.469544262295
2017-04-23,-0.0243033,0.266,0.355,0.430072394366,-0.466963060686,-0.00883384615385,0.27692307692307694,0.3641025641025641,0.43788028169,-0.468744285714
2017-04-24,-0.0369464,0.303,0.312,0.433075,-0.446924155844,-0.0251167938931,0.366412213740458,0.2862595419847328,0.411650666667,-0.411586813187
2017-04-29,0.0307469,0.299,0.374,0.481399465241,-0.456564220183,0.0169365625,0.290625,0.3625,0.484362068966,-0.457354054054
2017-04-30,-0.0601845,0.283,0.303,0.48780330033,-0.502388647343,-0.00601165919283,0.31390134529147984,0.336322869955157,0.50444,-0.502225641026
2017-05-03,-0.016628,0.264,0.351,0.476525641026,-0.477632467532,-0.0763108597285,0.2579185520361991,0.3031674208144796,0.449047761194,-0.484029896907
2017-05-05,0.0075504,0.273,0.358,0.493960335196,-0.458773441734,-0.00591021276596,0.23404255319148937,0.4,0.449808510638,-0.507801162791
2017-05-01,-0.0853883,0.244,0.336,0.371182440476,-0.500251428571,-0.063365,0.29583333333333334,0.29583333333333334,0.476071830986,-0.50008877551
2017-05-06,-0.0321944,0.315,0.317,0.439495583596,-0.46607201087,-0.0333657024793,0.32231404958677684,0.3140495867768595,0.428571052632,-0.461885227273
2017-05-02,-0.0051482,0.221,0.404,0.421328465347,-0.467639733333,-0.044215648855,0.2480916030534351,0.33587786259541985,0.434273863636,-0.456886238532
2017-05-04,-0.0495783,0.235,0.319,0.469837304075,-0.447211659193,-0.0129260204082,0.21428571428571427,0.3979591836734694,0.441355128205,-0.486305263158
2017-05-07,-0.0183283,0.313,0.314,0.465003821656,-0.44058847185,0.0260953271028,0.29906542056074764,0.3598130841121495,0.490944155844,-0.441346575342
2017-05-09,-0.1941858,0.194,0.228,0.4151,-0.499703460208,-0.148939306358,0.2138728323699422,0.23699421965317918,0.518931707317,-0.495186315789
2017-05-08,-0.1550014,0.243,0.251,0.375672111554,-0.492678063241,-0.0756721311475,0.32786885245901637,0.3114754098360656,0.382166666667,-0.539871212121
2017-05-13,-0.0272904,0.321,0.305,0.468567540984,-0.455089572193,0.00497046632124,0.27461139896373055,0.36787564766839376,0.430456338028,-0.429030434783
2017-05-10,-0.1102009,0.235,0.294,0.387103741497,-0.475603821656,-0.119365217391,0.21739130434782608,0.30978260869565216,0.411745614035,-0.522214942529
2017-05-12,-0.0423761,0.319,0.32,0.3828553125,-0.456758448753,-0.0534920454545,0.3181818181818182,0.30113636363636365,0.419205660377,-0.472126865672
2017-05-11,-0.0866292,0.313,0.255,0.404292156863,-0.439175231481,-0.0649047619048,0.37142857142857144,0.24285714285714285,0.426021568627,-0.436507407407
2017-05-18,-0.053289,0.273,0.311,0.410847588424,-0.435246634615,-0.0515261061947,0.3141592920353982,0.2920353982300885,0.445907575758,-0.461514606742
2017-05-20,-0.0635252,0.209,0.376,0.394964095745,-0.510919759036,-0.0230523316062,0.29015544041450775,0.35233160621761656,0.441442647059,-0.499524637681
2017-05-17,0.0005221,0.289,0.375,0.428870933333,-0.47709672619,-0.057967264574,0.34080717488789236,0.29596412556053814,0.397987878788,-0.483875308642
2017-05-16,-0.0268035,0.326,0.306,0.454188562092,-0.45050326087,-0.0390873626374,0.2857142857142857,0.3131868131868132,0.483664912281,-0.475106849315
2017-05-21,0.0105397,0.275,0.38,0.477098421053,-0.494949855072,0.0367865,0.255,0.435,0.420144827586,-0.470891935484
2017-05-15,-0.0796936,0.274,0.292,0.385223287671,-0.442808294931,-0.0998333333333,0.2976190476190476,0.25595238095238093,0.446625581395,-0.479692
2017-05-19,-0.0240929,0.266,0.332,0.442415060241,-0.425310199005,-0.0501823255814,0.2837209302325581,0.32558139534883723,0.423895714286,-0.481689285714
2017-05-23,-0.0915449,0.237,0.291,0.461453264605,-0.478448728814,-0.0386579487179,0.30256410256410254,0.3230769230769231,0.461784126984,-0.501790410959
2017-05-26,-0.0220195,0.373,0.331,0.40062265861,-0.522383783784,-0.0633432835821,0.3383084577114428,0.27860696517412936,0.502164285714,-0.530561038961
2017-05-28,-0.0248383,0.26,0.361,0.49235401662,-0.534506860158,-0.012532038835,0.2912621359223301,0.36893203883495146,0.452321052632,-0.527971428571
2017-05-24,-0.082876,0.31,0.277,0.461037906137,-0.509887409201,-0.055755033557,0.39932885906040266,0.2348993288590604,0.465552857143,-0.451410091743
2017-05-25,-0.081852,0.323,0.277,0.437229602888,-0.5074115,-0.0551770562771,0.4199134199134199,0.24242424242424243,0.393575,-0.445975641026
2017-05-22,-0.0505518,0.221,0.352,0.442489488636,-0.483157142857,6.83673469388e-05,0.25510204081632654,0.3826530612244898,0.469917333333,-0.496202816901
2017-05-27,-0.1015944,0.275,0.287,0.453244599303,-0.528939726027,0.00199259259259,0.3055555555555556,0.35185185185185186,0.482065789474,-0.489278378378
2017-05-29,-0.0384203,0.209,0.369,0.442531436314,-0.477996208531,-0.008925,0.28365384615384615,0.3317307692307692,0.435242028986,-0.39860125
2017-05-31,-0.0986792,0.258,0.318,0.437086792453,-0.560549056604,-0.082597029703,0.2871287128712871,0.3069306930693069,0.430041935484,-0.528624390244
2017-05-30,-0.1421684,0.231,0.272,0.416179411765,-0.513821327968,-0.09198,0.2851063829787234,0.2723404255319149,0.4396484375,-0.478392307692
2017-06-03,-0.1707375,0.17,0.308,0.396384415584,-0.56096532567,-0.102058064516,0.20276497695852536,0.35023041474654376,0.386601315789,-0.531219587629
2017-06-04,-0.1285159,0.202,0.298,0.454827181208,-0.5281088,-0.0689459016393,0.21311475409836064,0.3442622950819672,0.433411111111,-0.492864197531
2017-06-02,-0.0307107,0.21,0.368,0.449263586957,-0.464549052133,-0.0244043103448,0.22413793103448276,0.3793103448275862,0.440211363636,-0.482613043478
2017-06-01,-0.0029473,0.221,0.374,0.463531550802,-0.435328641975,0.00486022099448,0.22099447513812154,0.39226519337016574,0.479667605634,-0.473952857143
2017-06-11,-0.0609252,0.25,0.314,0.425104458599,-0.445889908257,-0.062860199005,0.2835820895522388,0.2885572139303483,0.47274137931,-0.465743023256
2017-06-08,-0.0447172,0.262,0.313,0.46450543131,-0.447311529412,-0.0580786096257,0.23529411764705882,0.32085561497326204,0.455411666667,-0.460065060241
2017-06-09,-0.0356494,0.296,0.337,0.422855489614,-0.485426975477,-0.0759291866029,0.291866028708134,0.2966507177033493,0.445377419355,-0.505611627907
2017-06-05,-0.1259228,0.261,0.288,0.398454166667,-0.533653215078,-0.0921712121212,0.30808080808080807,0.2828282828282828,0.440160714286,-0.529616049383
2017-06-10,-0.0763324,0.257,0.321,0.40291152648,-0.487362559242,-0.0713588235294,0.3025210084033613,0.2773109243697479,0.432559090909,-0.455323
2017-06-07,-0.0491766,0.242,0.343,0.413051020408,-0.459886987952,0.0166,0.291866028708134,0.37799043062200954,0.448192405063,-0.462866666667
2017-06-06,-0.1497599,0.186,0.276,0.397786956522,-0.482433271375,-0.078599078341,0.21658986175115208,0.31797235023041476,0.441898550725,-0.470762376238
2017-06-14,-0.0556518,0.238,0.332,0.51928253012,-0.530357209302,0.0205976851852,0.24537037037037038,0.3888888888888889,0.496344047619,-0.471440506329
2017-06-12,-0.0215631,0.217,0.381,0.435765091864,-0.46664079602,-0.0258493333333,0.3022222222222222,0.3244444444444444,0.448568493151,-0.459066666667
2017-06-18,0.0097666,0.246,0.392,0.471852806122,-0.483977071823,-0.047935426009,0.32286995515695066,0.3004484304932735,0.473008955224,-0.504538095238
2017-06-16,-0.0352648,0.298,0.317,0.440378233438,-0.454194025974,-0.0419,0.3010752688172043,0.3064516129032258,0.470229824561,-0.473924657534
2017-06-17,-0.0811009,0.258,0.299,0.456223745819,-0.490997291196,-0.0431923444976,0.36363636363636365,0.2966507177033493,0.449001612903,-0.519229577465
2017-06-13,-0.0539173,0.251,0.338,0.419514497041,-0.47618783455,-0.029800952381,0.2571428571428571,0.3523809523809524,0.469004054054,-0.499567073171
2017-06-15,-0.0559284,0.26,0.326,0.447565030675,-0.487523188406,-0.0189608294931,0.25806451612903225,0.35944700460829493,0.450992307692,-0.473396385542
2017-06-20,-0.036236,0.256,0.335,0.447069253731,-0.45477799511,-0.022375,0.2791666666666667,0.3458333333333333,0.465927710843,-0.489355555556
2017-06-23,-0.0779118,0.247,0.296,0.438703378378,-0.454634573304,-0.030366367713,0.26905829596412556,0.3273542600896861,0.456961643836,-0.445887777778
2017-06-19,-0.0085359,0.278,0.38,0.437982894737,-0.511606432749,-0.0483290816327,0.24489795918367346,0.34183673469387754,0.485043283582,-0.51815308642
2017-06-22,-0.0142094,0.262,0.367,0.464350953678,-0.497644743935,0.0185796460177,0.2920353982300885,0.3805309734513274,0.46746627907,-0.486528378378
2017-06-21,0.0579307,0.317,0.39,0.477037435897,-0.437248805461,0.0506084249084,0.34798534798534797,0.3772893772893773,0.475846601942,-0.469281333333
2017-06-25,-0.0048483,0.254,0.375,0.4361056,-0.45387574124,-0.0469791469194,0.27014218009478674,0.33175355450236965,0.471392857143,-0.51083452381
2017-06-24,-0.0565208,0.213,0.36,0.392741111111,-0.463483840749,-0.0378212560386,0.2946859903381642,0.34299516908212563,0.396252112676,-0.479505333333
2017-06-27,-0.0912939,0.261,0.289,0.448175778547,-0.490703777778,-0.0778534979424,0.25925925925925924,0.2962962962962963,0.441655555556,-0.469607407407
2017-06-30,-0.0818477,0.236,0.331,0.406975226586,-0.500130484988,-0.0706309090909,0.29545454545454547,0.2909090909090909,0.412815625,-0.461087912088
2017-06-26,-0.0571861,0.235,0.334,0.499491317365,-0.519759164733,-0.00541390134529,0.2825112107623318,0.34977578475336324,0.464780769231,-0.456831707317
2017-07-01,-0.043676,0.3,0.315,0.458120952381,-0.48827038961,-0.0197381147541,0.32786885245901637,0.32786885245901637,0.46313625,-0.498416666667
2017-07-02,-0.1368634,0.224,0.275,0.427629454545,-0.507907185629,-0.0347248826291,0.27699530516431925,0.3333333333333333,0.470453521127,-0.49154939759
2017-06-28,-0.10898,0.236,0.298,0.429934899329,-0.508799570815,-0.0837523364486,0.308411214953271,0.2803738317757009,0.443473333333,-0.506038636364
2017-06-29,-0.1376318,0.235,0.278,0.397048201439,-0.509263244353,-0.0457107344633,0.2542372881355932,0.3333333333333333,0.488454237288,-0.505610958904
2017-07-06,-0.0647366,0.227,0.346,0.407116763006,-0.481496487119,-0.0719268041237,0.27835051546391754,0.31958762886597936,0.43090483871,-0.521408974359
2017-07-08,-0.0434088,0.323,0.306,0.447874183007,-0.486410512129,-0.00754711538462,0.2932692307692308,0.3605769230769231,0.455441333333,-0.496220833333
2017-07-05,0.0091325,0.217,0.371,0.504474393531,-0.432105582524,-0.0565103448276,0.29064039408866993,0.3103448275862069,0.446517460317,-0.488916049383
2017-07-04,0.0305919,0.234,0.395,0.480184810127,-0.428790026954,-0.0466888888889,0.2948717948717949,0.3076923076923077,0.441988888889,-0.459660215054
2017-07-03,-0.0723707,0.209,0.343,0.461834693878,-0.515133928571,-0.0303425,0.245,0.345,0.463717391304,-0.464207317073
2017-07-07,0.0217789,0.264,0.391,0.433768797954,-0.428477391304,0.0100909090909,0.35294117647058826,0.32620320855614976,0.486552459016,-0.463211666667
2017-07-09,-0.0525076,0.345,0.277,0.427430685921,-0.452132010582,0.0197986577181,0.35570469798657717,0.31543624161073824,0.503263829787,-0.422518367347
2017-07-12,-0.0437219,0.305,0.326,0.432258588957,-0.500374525745,0.00208415841584,0.2871287128712871,0.3564356435643564,0.475579166667,-0.469731944444
2017-07-10,-0.0453456,0.28,0.318,0.449797169811,-0.468609701493,-0.0280844086022,0.3225806451612903,0.3118279569892473,0.497296551724,-0.500983823529
2017-07-13,-0.0585729,0.293,0.312,0.439993269231,-0.495824810127,-0.0928586538462,0.2932692307692308,0.2692307692307692,0.463003571429,-0.497173626374
2017-07-16,-0.0494173,0.316,0.322,0.409354347826,-0.500633701657,-0.0481268817204,0.3225806451612903,0.2903225806451613,0.429590740741,-0.446520833333
2017-07-14,-0.0070801,0.284,0.355,0.469157183099,-0.480972022161,-0.0916635,0.335,0.24,0.446483333333,-0.467810588235
2017-07-15,0.0011448,0.258,0.391,0.418307672634,-0.462716524217,-0.00557621621622,0.3027027027027027,0.3567567567567568,0.470953030303,-0.509753968254
2017-07-11,-0.0383866,0.282,0.319,0.434642633229,-0.443703258145,-0.0924197674419,0.3488372093023256,0.23255813953488372,0.4311475,-0.460306944444
2017-07-18,-0.0429354,0.401,0.263,0.4005,-0.441270535714,-0.0398227777778,0.4111111111111111,0.2722222222222222,0.451465306122,-0.513857894737
2017-07-22,-0.038042,0.321,0.319,0.454754231975,-0.508635,0.0382550458716,0.3302752293577982,0.3761467889908257,0.480662195122,-0.4855421875
2017-07-21,0.0078253,0.234,0.418,0.417208851675,-0.478643678161,-0.00622270531401,0.22705314009661837,0.38164251207729466,0.434101265823,-0.439285185185
2017-07-17,0.0281281,0.351,0.354,0.473710169492,-0.473102711864,-0.016654,0.425,0.28,0.447319642857,-0.481028813559
2017-07-23,-0.0136504,0.261,0.38,0.434980263158,-0.498448189415,-0.017989787234,0.25957446808510637,0.37872340425531914,0.452002247191,-0.523009411765
2017-07-20,0.0026903,0.258,0.411,0.385137469586,-0.470094259819,-0.00288834951456,0.2912621359223301,0.36893203883495146,0.421406578947,-0.466027142857
2017-07-19,-0.0404325,0.293,0.312,0.44205224359,-0.451526075949,-0.0452797169811,0.32547169811320753,0.29245283018867924,0.416225806452,-0.437102469136
2017-07-30,-0.0132732,0.331,0.33,0.456895757576,-0.483919764012,-0.0176292307692,0.3333333333333333,0.3128205128205128,0.487390163934,-0.480702898551
2017-07-27,-0.0483864,0.246,0.338,0.445340236686,-0.478152403846,-0.0391004016064,0.26104417670682734,0.3453815261044177,0.440227906977,-0.485669387755
2017-07-26,-0.0839691,0.187,0.332,0.452272289157,-0.486743243243,-0.122734615385,0.25961538461538464,0.2692307692307692,0.420398214286,-0.500725510204
2017-07-29,-0.0676009,0.291,0.314,0.404246496815,-0.492491898734,-0.106678059072,0.27848101265822783,0.27848101265822783,0.428557575758,-0.510166666667
2017-07-25,-0.0319694,0.247,0.362,0.40984640884,-0.461211764706,-0.0383590697674,0.31627906976744186,0.2837209302325581,0.488224590164,-0.442196511628
2017-07-24,-0.0762003,0.294,0.298,0.445654697987,-0.512268137255,-0.0452855813953,0.3395348837209302,0.3023255813953488,0.431178461538,-0.490428571429
2017-07-28,-0.0571538,0.253,0.333,0.429301501502,-0.483360386473,-0.00831330275229,0.2889908256880734,0.3440366972477064,0.485653333333,-0.47795375
2017-08-03,0.0794422,0.274,0.438,0.485079452055,-0.461884027778,0.0197264044944,0.30337078651685395,0.3595505617977528,0.4823625,-0.455998333333
2017-08-06,-0.0868102,0.247,0.315,0.427840634921,-0.505890410959,-0.0381882352941,0.2647058823529412,0.3431372549019608,0.447294285714,-0.4887625
2017-07-31,-0.0900391,0.252,0.273,0.462232234432,-0.455217894737,-0.0740510729614,0.22746781115879827,0.3218884120171674,0.438682666667,-0.477667619048
2017-08-02,-0.0469212,0.222,0.366,0.415463387978,-0.482963106796,-0.0329734375,0.296875,0.3541666666666667,0.406914705882,-0.507479104478
2017-08-01,-0.0454743,0.263,0.332,0.440206927711,-0.473143209877,-0.0198891304348,0.2826086956521739,0.358695652173913,0.403174242424,-0.458622727273
2017-08-04,-0.0397846,0.308,0.31,0.454556451613,-0.473029057592,-0.0244516587678,0.36018957345971564,0.3127962085308057,0.452563636364,-0.50765942029
2017-08-05,-0.0090485,0.284,0.359,0.416894428969,-0.444575910364,-0.112293981481,0.2777777777777778,0.2638888888888889,0.408326315789,-0.480102020202
2017-08-09,-0.0892267,0.243,0.319,0.388494670846,-0.486658675799,-0.0610919282511,0.2914798206278027,0.2914798206278027,0.481090769231,-0.482735483871
2017-08-10,0.0060963,0.196,0.418,0.461863636364,-0.484359326425,-0.0254980861244,0.2966507177033493,0.33014354066985646,0.446446376812,-0.463255128205
2017-08-08,-0.18387,0.166,0.289,0.412174740484,-0.555942201835,-0.0948693023256,0.2,0.3581395348837209,0.417998701299,-0.553503157895
2017-08-12,-0.2410807,0.109,0.285,0.420292631579,-0.595485313531,-0.161198857143,0.18857142857142858,0.2857142857142857,0.425752,-0.538015217391
2017-08-13,-0.1927204,0.139,0.26,0.435105,-0.508898003328,-0.185124293785,0.192090395480226,0.23163841807909605,0.449587804878,-0.501961764706
2017-08-07,-0.0385297,0.238,0.348,0.440074137931,-0.462984299517,-0.0459133027523,0.3486238532110092,0.29357798165137616,0.4240140625,-0.476230769231
2017-08-11,-0.0906678,0.27,0.3,0.375724333333,-0.472988604651,-0.0823612745098,0.28921568627450983,0.27450980392156865,0.367551785714,-0.420051685393
2017-08-20,-0.0576532,0.263,0.324,0.45238117284,-0.494490799031,-0.0487368159204,0.2736318407960199,0.3482587064676617,0.449218571429,-0.54265
2017-08-19,-0.0731661,0.206,0.353,0.424440793201,-0.505654648526,-0.0662768115942,0.2560386473429952,0.3285024154589372,0.418519117647,-0.490448837209
2017-08-16,-0.0992766,0.269,0.3,0.421234,-0.523542459397,-0.0497279569892,0.4032258064516129,0.27419354838709675,0.420645098039,-0.511705
2017-08-15,-0.1310229,0.18,0.305,0.474230819672,-0.535268543689,-0.0962156862745,0.2549019607843137,0.3137254901960784,0.430885416667,-0.536416666667
2017-08-18,-0.0827922,0.231,0.316,0.418085443038,-0.474408830022,-0.080761971831,0.2347417840375587,0.3004694835680751,0.458196875,-0.469968686869
2017-08-17,-0.0787414,0.222,0.325,0.444209230769,-0.492515231788,-0.078425,0.26063829787234044,0.2978723404255319,0.442289285714,-0.47604939759
2017-08-14,-0.1861623,0.207,0.23,0.450002608696,-0.514498934281,-0.119533333333,0.30409356725146197,0.23391812865497075,0.4224925,-0.472656962025
2017-08-23,-0.0622932,0.255,0.331,0.450163141994,-0.510379710145,-0.0373751196172,0.31100478468899523,0.32057416267942584,0.476911940299,-0.516422077922
2017-08-21,-0.0436596,0.274,0.35,0.407213142857,-0.495170744681,-0.0484283505155,0.27835051546391754,0.33505154639175255,0.446586153846,-0.512309333333
2017-08-26,-0.0340951,0.169,0.399,0.396506516291,-0.445141666667,-0.0351130952381,0.25,0.3630952380952381,0.406750819672,-0.472473846154
2017-08-27,-0.0524303,0.221,0.348,0.384715804598,-0.432277030162,-0.0214311111111,0.2833333333333333,0.3388888888888889,0.414563934426,-0.428617647059
2017-08-24,-0.083067,0.233,0.305,0.465795409836,-0.487304329004,-0.0782703125,0.2552083333333333,0.3125,0.376996666667,-0.453586746988
2017-08-25,-0.0677212,0.307,0.3,0.455451666667,-0.519991603053,-0.0710663461538,0.2692307692307692,0.28846153846153844,0.505121666667,-0.490098913043
2017-08-22,-0.0509959,0.268,0.325,0.452323076923,-0.486488697789,-0.00305572916667,0.25,0.375,0.474680555556,-0.482829166667
2017-08-28,-0.0401641,0.258,0.337,0.41218041543,-0.442145432099,-0.055925,0.22972972972972974,0.3716216216216216,0.375736363636,-0.490549152542
2017-08-29,0.0111969,0.224,0.385,0.501038441558,-0.464713299233,0.0150849162011,0.2849162011173184,0.4022346368715084,0.424856944444,-0.498026785714
2017-09-02,0.0132494,0.218,0.402,0.47109800995,-0.463505263158,-0.00175102040816,0.3010204081632653,0.35714285714285715,0.437671428571,-0.462391044776
2017-08-30,-0.0683943,0.199,0.323,0.428611145511,-0.432710669456,-0.0269448648649,0.24864864864864866,0.34594594594594597,0.4407296875,-0.442553333333
2017-08-31,-0.034902,0.225,0.367,0.420627520436,-0.463902696078,-0.0965751351351,0.2864864864864865,0.2648648648648649,0.454251020408,-0.483430120482
2017-09-03,-0.0073106,0.237,0.368,0.457132880435,-0.444393670886,-0.0876004784689,0.2727272727272727,0.2822966507177033,0.458676271186,-0.487853763441
2017-09-01,-0.0004866,0.292,0.351,0.455822507123,-0.44952464986,-0.0130076923077,0.2692307692307692,0.34615384615384615,0.443701587302,-0.433151428571
2017-09-09,-0.0401247,0.356,0.295,0.448423728814,-0.494010601719,-0.0372597156398,0.2796208530805687,0.33649289099526064,0.420929577465,-0.466022222222
2017-09-04,-0.0963479,0.3,0.289,0.412714532872,-0.524628710462,-0.0265765714286,0.22857142857142856,0.38285714285714284,0.41233880597,-0.474670588235
2017-09-05,-0.0878018,0.23,0.332,0.417470180723,-0.516899315068,-0.0616611842105,0.29605263157894735,0.3157894736842105,0.41469375,-0.496233898305
2017-09-06,-0.1196115,0.206,0.301,0.436625581395,-0.50920040568,-0.0411142076503,0.2185792349726776,0.3333333333333333,0.473806557377,-0.444220731707
2017-09-10,-0.0460404,0.285,0.303,0.451284488449,-0.443639805825,-0.0310642533937,0.2986425339366516,0.3257918552036199,0.416584722222,-0.444087951807
2017-09-08,-0.0644206,0.285,0.294,0.454000680272,-0.470063657957,-0.0778781395349,0.2744186046511628,0.27906976744186046,0.460011666667,-0.461921875
2017-09-07,-0.0764075,0.196,0.37,0.404475675676,-0.520883640553,-0.0198122641509,0.2783018867924528,0.3584905660377358,0.448675,-0.497396103896
2017-09-14,-0.0846616,0.273,0.308,0.387468831169,-0.486878281623,-0.0298972222222,0.27314814814814814,0.3333333333333333,0.430555555556,-0.44068
2017-09-12,-0.0004454,0.205,0.398,0.442290703518,-0.444526700252,-0.0718376623377,0.22077922077922077,0.341991341991342,0.437734177215,-0.506688118812
2017-09-11,-0.0814127,0.277,0.254,0.434818503937,-0.409075906183,-0.00839470198675,0.3443708609271523,0.31788079470198677,0.479033333333,-0.475709803922
2017-09-13,-0.0606798,0.218,0.342,0.409879824561,-0.456497045455,-0.00373351351351,0.22702702702702704,0.4,0.44622027027,-0.488565217391
2017-09-15,-0.0962269,0.212,0.331,0.411475830816,-0.508589496718,-0.0166886255924,0.26540284360189575,0.3933649289099526,0.39836626506,-0.508134722222
2017-09-17,-0.0368265,0.198,0.394,0.45950786802,-0.534001470588,-0.0157149758454,0.28502415458937197,0.3671497584541063,0.456777631579,-0.527334722222
2017-09-16,-0.0654166,0.229,0.346,0.421949132948,-0.497437647059,-0.0273497695853,0.3271889400921659,0.33640552995391704,0.418691780822,-0.499991780822
2017-09-24,-0.1248173,0.235,0.281,0.453459074733,-0.521155578512,-0.077595,0.31875,0.275,0.435795454545,-0.486003076923
2017-09-23,-0.0445626,0.238,0.35,0.445398857143,-0.486534466019,-0.0374301775148,0.2485207100591716,0.3431952662721893,0.509324137931,-0.519804347826
2017-09-22,-0.03731,0.26,0.352,0.411716761364,-0.469676030928,0.00827015706806,0.27225130890052357,0.3717277486910995,0.469811267606,-0.467308823529
2017-09-19,-0.0412208,0.223,0.361,0.436172299169,-0.47759375,-0.0300714285714,0.29591836734693877,0.32653061224489793,0.4682203125,-0.484595945946
2017-09-18,0.0241971,0.272,0.398,0.444013316583,-0.462182424242,-0.0198205607477,0.3598130841121495,0.3037383177570093,0.443407692308,-0.459209722222
2017-09-21,-0.0188058,0.293,0.327,0.467430275229,-0.451725,-0.0476142222222,0.29777777777777775,0.3111111111111111,0.438077142857,-0.470211363636
2017-09-20,-0.0348899,0.291,0.326,0.471483435583,-0.492411227154,-0.00150769230769,0.28717948717948716,0.37948717948717947,0.457698648649,-0.525595384615
2017-09-25,-0.1156809,0.209,0.303,0.423157425743,-0.499790163934,-0.103087610619,0.23893805309734514,0.28761061946902655,0.467021538462,-0.501441121495
2017-09-28,-0.0231733,0.215,0.378,0.462216931217,-0.486219410319,-0.0668704433498,0.2660098522167488,0.30049261083743845,0.471381967213,-0.481011363636
2017-09-29,-0.0601144,0.29,0.312,0.440249038462,-0.496161055276,-0.052054248366,0.27450980392156865,0.32679738562091504,0.435574,-0.487590163934
2017-09-27,-0.1407599,0.201,0.291,0.394288659794,-0.502948622047,-0.091929004329,0.23809523809523808,0.30735930735930733,0.414721126761,-0.482674285714
2017-10-01,-0.1129977,0.202,0.331,0.412599697885,-0.534407280514,-0.0748910179641,0.31137724550898205,0.2994011976047904,0.432368,-0.525003076923
2017-09-26,-0.0211114,0.223,0.375,0.4275832,-0.451380845771,-0.100519230769,0.25,0.28365384615384615,0.436444067797,-0.481012371134
2017-09-30,-0.1413757,0.142,0.346,0.344696242775,-0.509063671875,-0.12660304878,0.21341463414634146,0.2865853658536585,0.425085106383,-0.496852439024
2017-10-02,-0.1688328,0.208,0.27,0.428521481481,-0.545083524904,-0.0773831372549,0.18823529411764706,0.3568627450980392,0.411636263736,-0.493031034483
2017-10-08,-0.0032142,0.216,0.421,0.429802850356,-0.507331129477,-0.0109818181818,0.30113636363636365,0.3352272727272727,0.4752,-0.468275
2017-10-05,-0.0237613,0.244,0.382,0.395747905759,-0.467745989305,-0.0255104545455,0.29545454545454547,0.35454545454545455,0.41845,-0.496771428571
2017-10-04,-0.0643947,0.307,0.298,0.448095302013,-0.501081265823,-0.063478125,0.328125,0.2760416666666667,0.479781132075,-0.49495
2017-10-03,-0.1130438,0.241,0.285,0.459052631579,-0.514501687764,-0.0448712195122,0.24390243902439024,0.33658536585365856,0.46002173913,-0.476047674419
2017-10-06,-0.0715622,0.3,0.315,0.39262984127,-0.507118441558,-0.0508072916667,0.2864583333333333,0.3333333333333333,0.4269921875,-0.507979452055
2017-10-07,-0.1309891,0.228,0.289,0.415107958478,-0.519576190476,-0.0566292929293,0.3333333333333333,0.29292929292929293,0.419039655172,-0.479958108108
2017-10-15,-0.0851924,0.246,0.314,0.460041082803,-0.521921136364,-0.0583243386243,0.21164021164021163,0.3544973544973545,0.503456716418,-0.545791463415
2017-10-14,-0.0796787,0.245,0.315,0.438024761905,-0.494673863636,-0.0840171296296,0.25,0.30092592592592593,0.477215384615,-0.506873195876
2017-10-13,-0.1025642,0.295,0.271,0.429108487085,-0.504268663594,-0.0790328282828,0.31313131313131315,0.26262626262626265,0.467844230769,-0.47590952381
2017-10-10,-0.1650728,0.225,0.264,0.380198863636,-0.519462426614,-0.0533581280788,0.27586206896551724,0.3399014778325123,0.397191304348,-0.490229487179
2017-10-12,-0.1082073,0.261,0.296,0.409440878378,-0.517837020316,-0.0306389221557,0.2754491017964072,0.3413173652694611,0.449480701754,-0.4802671875
2017-10-11,-0.052845,0.237,0.352,0.428278693182,-0.495374939173,-0.00576937799043,0.2631578947368421,0.3827751196172249,0.45184125,-0.504771621622
2017-10-09,-0.1003296,0.226,0.289,0.444340138408,-0.471636907216,-0.0485990697674,0.28837209302325584,0.33488372093023255,0.431025,-0.512130864198
2017-10-18,-0.1468623,0.255,0.226,0.404805309735,-0.459245279383,-0.102641935484,0.3279569892473118,0.24731182795698925,0.391010869565,-0.469340506329
2017-10-17,-0.0829859,0.249,0.326,0.441169631902,-0.533664,-0.07649,0.28,0.304,0.453613157895,-0.515356730769
2017-10-22,-0.0693855,0.257,0.309,0.458722977346,-0.486476728111,-0.0756814606742,0.29213483146067415,0.30337078651685395,0.431566666667,-0.510776388889
2017-10-20,-0.0609256,0.231,0.329,0.444091793313,-0.470526818182,-0.0576747706422,0.2706422018348624,0.3256880733944954,0.404667605634,-0.469369318182
2017-10-16,-0.1466596,0.191,0.287,0.441974912892,-0.52395862069,-0.127931279621,0.27488151658767773,0.24170616113744076,0.487131372549,-0.508207843137
2017-10-19,-0.1315839,0.252,0.263,0.420327756654,-0.499237319588,-0.0585925925926,0.2328042328042328,0.3333333333333333,0.448336507937,-0.479502439024
2017-10-21,-0.0462143,0.251,0.353,0.437536827195,-0.506729292929,-0.0351375968992,0.24031007751937986,0.3643410852713178,0.460955319149,-0.513679411765
2017-10-26,-0.0662446,0.265,0.322,0.399466459627,-0.471846973366,-0.0957032407407,0.24537037037037038,0.2962962962962963,0.4074484375,-0.472208080808
2017-10-27,-0.0380435,0.271,0.346,0.420659248555,-0.479351436031,-0.0541255813953,0.3488372093023256,0.29767441860465116,0.4197984375,-0.506632894737
2017-10-23,-0.1260208,0.257,0.275,0.462458909091,-0.541019230769,-0.0561123348018,0.30837004405286345,0.29955947136563876,0.4309,-0.47234494382
2017-10-29,-0.0809863,0.262,0.324,0.395141666667,-0.504860386473,-0.0705593939394,0.28484848484848485,0.3090909090909091,0.411158823529,-0.486737313433
2017-10-24,-0.0603891,0.342,0.265,0.442337735849,-0.451930279898,-0.0383836734694,0.33163265306122447,0.2755102040816326,0.468833333333,-0.426496103896
2017-10-28,-0.0393389,0.271,0.33,0.450830606061,-0.471461152882,0.106172727273,0.2231404958677686,0.4669421487603306,0.518608849558,-0.438786666667
2017-10-25,-0.0615091,0.282,0.304,0.446098355263,-0.476142512077,-0.0701734693878,0.34183673469387754,0.28061224489795916,0.37032,-0.461102702703
2017-11-02,-0.0779269,0.29,0.278,0.457823381295,-0.475004166667,-0.0971792746114,0.3160621761658031,0.25906735751295334,0.440682,-0.497435365854
2017-11-03,-0.0366613,0.279,0.352,0.389217329545,-0.47063902439,-0.084260199005,0.22885572139303484,0.31840796019900497,0.3914734375,-0.461435164835
2017-11-05,-0.0329129,0.326,0.324,0.425258950617,-0.487705142857,-0.0729272340426,0.3276595744680851,0.2978723404255319,0.418291428571,-0.527480681818
2017-11-04,-0.0040499,0.266,0.36,0.432285,-0.426931818182,-0.0281816993464,0.33986928104575165,0.28104575163398693,0.459255813953,-0.414824137931
2017-10-31,-0.0479207,0.268,0.341,0.448783870968,-0.513953964194,-0.0451466942149,0.2768595041322314,0.35537190082644626,0.405009302326,-0.514115730337
2017-11-01,-0.1207443,0.249,0.269,0.486655018587,-0.522104771784,-0.0476778301887,0.2971698113207547,0.3018867924528302,0.5008,-0.495987058824
2017-10-30,-0.0478466,0.236,0.315,0.438349206349,-0.414090423163,-0.0404425149701,0.2934131736526946,0.2934131736526946,0.469840816327,-0.431537681159
2017-11-07,0.0119143,0.236,0.392,0.463771683673,-0.456677956989,-0.0373418410042,0.3138075313807531,0.3054393305439331,0.436879452055,-0.448537362637
2017-11-08,0.0221887,0.332,0.359,0.487568245125,-0.494654692557,0.0595937777778,0.30666666666666664,0.39111111111111113,0.486027272727,-0.431791176471
2017-11-09,-0.0306974,0.251,0.356,0.423160955056,-0.461431806616,-0.0732225641026,0.30256410256410254,0.2717948717948718,0.426830188679,-0.44458313253
2017-11-11,-0.0574542,0.284,0.337,0.466958753709,-0.566805540897,0.00928571428571,0.3167701863354037,0.34782608695652173,0.448419642857,-0.437342592593
2017-11-12,0.0256864,0.214,0.457,0.408276148796,-0.489044984802,-0.00469757575758,0.21212121212121213,0.3878787878787879,0.4604703125,-0.458260606061
2017-11-10,-0.039972,0.248,0.373,0.403680697051,-0.502756992084,0.0110362162162,0.2972972972972973,0.3891891891891892,0.420398611111,-0.486672413793
2017-11-06,-0.1008232,0.218,0.29,0.432954482759,-0.46012195122,-0.0667671568627,0.19607843137254902,0.3627450980392157,0.426414864865,-0.501946666667
2017-11-19,-0.0982028,0.253,0.291,0.421908247423,-0.484601096491,0.00640396039604,0.3069306930693069,0.3564356435643564,0.461015277778,-0.469110294118
2017-11-13,-0.0043625,0.292,0.361,0.441891689751,-0.47229221902,-0.0190103896104,0.38961038961038963,0.3116883116883117,0.427841666667,-0.510086956522
2017-11-18,-0.0317106,0.258,0.345,0.434957391304,-0.457861209068,-0.015637244898,0.30612244897959184,0.3520408163265306,0.402772463768,-0.460540298507
2017-11-17,-0.0951919,0.2,0.33,0.36484969697,-0.458707021277,-0.032251497006,0.25149700598802394,0.3592814371257485,0.412838333333,-0.463943076923
2017-11-15,-0.0507983,0.274,0.308,0.449243831169,-0.452548803828,-0.0373635514019,0.3130841121495327,0.308411214953271,0.419054545455,-0.440165432099
2017-11-14,-0.0479601,0.272,0.351,0.376019088319,-0.477301856764,0.0103272727273,0.3444976076555024,0.3588516746411483,0.4311,-0.486679032258
2017-11-16,-0.0856012,0.217,0.324,0.447112037037,-0.502103485839,-0.0533337962963,0.24537037037037038,0.3287037037037037,0.465816901408,-0.484707608696
2017-11-23,0.1019559,0.222,0.475,0.484213473684,-0.422592409241,0.00744611111111,0.2611111111111111,0.37777777777777777,0.501136764706,-0.503646153846
2017-11-22,-0.0140166,0.225,0.389,0.453128791774,-0.492962953368,-0.0131456852792,0.26903553299492383,0.34517766497461927,0.476132352941,-0.460088157895
2017-11-25,-0.021915,0.251,0.355,0.460429859155,-0.470476142132,-0.0491152173913,0.27717391304347827,0.32065217391304346,0.476006779661,-0.501643243243
2017-11-20,-0.0607932,0.245,0.309,0.502845307443,-0.484691479821,0.0187156976744,0.29069767441860467,0.37790697674418605,0.459472307692,-0.467484210526
2017-11-21,-0.0735804,0.216,0.324,0.412401851852,-0.45043173913,-0.040595035461,0.2765957446808511,0.3546099290780142,0.384336,-0.479628846154
2017-11-24,-0.0450184,0.209,0.357,0.445010364146,-0.4697859447,0.00318502202643,0.29515418502202645,0.3656387665198238,0.493304819277,-0.522354545455
2017-11-26,-0.0138622,0.256,0.383,0.419774412533,-0.48375567867,-0.0673813829787,0.30319148936170215,0.2925531914893617,0.443649090909,-0.487742105263
2017-11-30,-0.0538885,0.284,0.314,0.440670700637,-0.478256467662,-0.0177764367816,0.29310344827586204,0.3160919540229885,0.478803636364,-0.432754411765
2017-12-03,-0.0042162,0.316,0.335,0.47998358209,-0.472810028653,-0.0741866666667,0.30303030303030304,0.3090909090909091,0.442862745098,-0.54416875
2017-12-02,-0.0613136,0.237,0.343,0.381677259475,-0.457687857143,-0.102508522727,0.2159090909090909,0.2784090909090909,0.448671428571,-0.449734831461
2017-11-28,-0.0770595,0.242,0.32,0.431583125,-0.491246803653,-0.0392763819095,0.2964824120603015,0.33668341708542715,0.431634328358,-0.503226027397
2017-12-01,-0.0539732,0.279,0.321,0.412012772586,-0.46557325,-0.0391234567901,0.36419753086419754,0.2777777777777778,0.432571111111,-0.44489137931
2017-11-29,-0.1654174,0.165,0.292,0.378809931507,-0.508342357274,-0.0931939759036,0.2469879518072289,0.27710843373493976,0.487352173913,-0.4796
2017-11-27,-0.0645039,0.233,0.325,0.452646153846,-0.478764479638,-0.0749524590164,0.273224043715847,0.28415300546448086,0.458915384615,-0.463949382716
2017-12-06,-0.0181588,0.221,0.373,0.455476407507,-0.463181034483,-0.0193563451777,0.30456852791878175,0.3401015228426396,0.418582089552,-0.455117142857
2017-12-08,-0.0590263,0.237,0.346,0.404585260116,-0.477248920863,-0.0525287958115,0.29842931937172773,0.3193717277486911,0.458904918033,-0.520906849315
2017-12-10,-0.098048,0.226,0.298,0.437509060403,-0.47988592437,-0.0479896341463,0.23170731707317074,0.3475609756097561,0.484045614035,-0.513926086957
2017-12-09,-0.0174845,0.201,0.392,0.459660969388,-0.48567960688,-0.0769882352941,0.24705882352941178,0.3058823529411765,0.452665384615,-0.481928947368
2017-12-05,-0.0255279,0.27,0.325,0.438282769231,-0.414740246914,-0.0405186746988,0.3373493975903614,0.3072289156626506,0.42851372549,-0.484411864407
2017-12-07,-0.0357999,0.244,0.365,0.39638109589,-0.461583120205,0.00751581920904,0.3785310734463277,0.327683615819209,0.417531034483,-0.440125
2017-12-04,-0.0286397,0.242,0.395,0.380027594937,-0.492425895317,-0.0398853658537,0.3170731707317073,0.31097560975609756,0.413278431373,-0.452760655738
2017-12-13,-0.0535779,0.274,0.314,0.445595859873,-0.469648058252,-0.0679183035714,0.32589285714285715,0.2767857142857143,0.449969354839,-0.484402247191
2017-12-12,-0.1175909,0.222,0.265,0.470288679245,-0.472158674464,-0.0397189655172,0.27586206896551724,0.3275862068965517,0.438068421053,-0.462043478261
2017-12-14,-0.0844523,0.213,0.308,0.42265487013,-0.448079331942,-0.0977923529412,0.2,0.3176470588235294,0.416342592593,-0.476917073171
2017-12-17,-0.0443394,0.2,0.388,0.389839690722,-0.474750485437,-0.0679290780142,0.2127659574468085,0.3546099290780142,0.38969,-0.47643442623
2017-12-15,-0.0544839,0.245,0.338,0.413931656805,-0.466169784173,-0.0254751592357,0.37579617834394907,0.29936305732484075,0.410038297872,-0.456301960784
2017-12-16,-0.054152,0.286,0.325,0.407677846154,-0.47981311054,-0.0805310077519,0.3178294573643411,0.2868217054263566,0.419664864865,-0.508158823529
2017-12-11,-0.126602,0.2,0.286,0.441018531469,-0.491699027237,-0.0641054794521,0.2945205479452055,0.3082191780821918,0.419971111111,-0.48720862069
2017-12-27,0.0310839,0.226,0.402,0.494305970149,-0.450610483871,0.033376142132,0.29949238578680204,0.38578680203045684,0.490238157895,-0.494887096774
2017-12-31,0.0611996,0.216,0.44,0.517182272727,-0.483606395349,0.0345649746193,0.2182741116751269,0.4263959390862944,0.522136904762,-0.529288571429
2017-12-29,-0.0388019,0.241,0.366,0.424763934426,-0.494314249364,0.011274301676,0.3128491620111732,0.3687150837988827,0.446957575758,-0.482124561404
2017-12-26,-0.0679426,0.284,0.297,0.473467003367,-0.497762052506,-0.0182389534884,0.28488372093023256,0.31976744186046513,0.443394545455,-0.404761764706
2017-12-25,0.0487107,0.257,0.409,0.497397799511,-0.463248502994,0.0693711934156,0.2674897119341564,0.411522633744856,0.510349,-0.438175641026
2017-12-28,0.0196534,0.229,0.401,0.460115710723,-0.445548648649,-0.0523183168317,0.27722772277227725,0.31683168316831684,0.4472984375,-0.477992682927
2017-12-30,0.0027252,0.277,0.371,0.44812884097,-0.464575568182,0.044804494382,0.29775280898876405,0.398876404494382,0.428143661972,-0.415240740741
2018-01-07,-0.0232712,0.249,0.384,0.40371171875,-0.485821525886,-0.0182609195402,0.3275862068965517,0.3160919540229885,0.481014545455,-0.47795483871
2018-01-05,-0.0191459,0.255,0.368,0.432060597826,-0.472531034483,-0.08535625,0.26704545454545453,0.2727272727272727,0.4754125,-0.467191358025
2018-01-01,-0.0392544,0.214,0.36,0.467701944444,-0.487387558685,-0.0693941860465,0.27325581395348836,0.32558139534883723,0.400921428571,-0.498368115942
2018-01-03,-0.086561,0.22,0.333,0.421793693694,-0.507870917226,-0.00279,0.2875,0.325,0.488967307692,-0.417301612903
2018-01-04,-0.0755319,0.317,0.28,0.421800714286,-0.480486600496,-0.03513,0.36,0.28,0.438276785714,-0.438465277778
2018-01-06,-0.0329064,0.269,0.332,0.46459126506,-0.469049373434,-0.0287514619883,0.26900584795321636,0.32748538011695905,0.476682142857,-0.458126086957
2018-01-02,-0.0329344,0.212,0.366,0.442127868852,-0.461500473934,-0.0451487804878,0.3024390243902439,0.28292682926829266,0.460153448276,-0.422875294118
2018-01-12,-0.1132637,0.318,0.265,0.410567169811,-0.532527577938,-0.00797763157895,0.28289473684210525,0.3618421052631579,0.475665454545,-0.50692962963
2018-01-11,-0.0767794,0.278,0.316,0.426072151899,-0.520734482759,-0.0232976047904,0.2754491017964072,0.3652694610778443,0.425529508197,-0.497466666667
2018-01-13,-0.1085142,0.251,0.286,0.441902097902,-0.507339524838,-0.0321443820225,0.2808988764044944,0.3539325842696629,0.442912698413,-0.517310769231
2018-01-08,-0.0195399,0.267,0.341,0.439038416422,-0.431765306122,0.0669816326531,0.30612244897959184,0.42857142857142855,0.438120238095,-0.455263461538
2018-01-09,0.0085854,0.243,0.381,0.472380314961,-0.455828457447,-0.00723457446809,0.2765957446808511,0.3404255319148936,0.438025,-0.408245833333
2018-01-10,-0.0307573,0.249,0.331,0.429690332326,-0.411868571429,-0.0216699421965,0.36416184971098264,0.28901734104046245,0.455782,-0.4423
2018-01-14,-0.0794603,0.258,0.316,0.421916139241,-0.499497183099,-0.0815296551724,0.3724137931034483,0.2689655172413793,0.361971794872,-0.498821153846
2018-01-16,-0.0140044,0.261,0.367,0.468456675749,-0.499806451613,-0.0464403614458,0.2891566265060241,0.3192771084337349,0.4889,-0.517243076923
2018-01-20,0.0300021,0.29,0.369,0.502134146341,-0.455382404692,0.0326408866995,0.2955665024630542,0.3645320197044335,0.487031081081,-0.426292753623
2018-01-19,-0.0425516,0.282,0.324,0.45567962963,-0.482720304569,-0.0187145631068,0.2669902912621359,0.3446601941747573,0.440835211268,-0.43943125
2018-01-21,-0.0689099,0.284,0.294,0.437541156463,-0.468120853081,-0.0211284946237,0.3548387096774194,0.2956989247311828,0.464216363636,-0.453258461538
2018-01-18,-0.0803704,0.255,0.33,0.394246666667,-0.507160963855,-0.0599658227848,0.27848101265822783,0.310126582278481,0.440465306122,-0.477806153846
2018-01-15,-0.0799676,0.263,0.321,0.412862928349,-0.510809134615,-0.0699337142857,0.26285714285714284,0.32571428571428573,0.457549122807,-0.532204166667
2018-01-17,-0.0188337,0.273,0.343,0.478639941691,-0.47658125,-0.0360642857143,0.2857142857142857,0.32142857142857145,0.474312698413,-0.479874025974
2018-01-28,-0.1014393,0.225,0.311,0.427777813505,-0.505340948276,-0.0149623529412,0.24705882352941178,0.3764705882352941,0.431784375,-0.471528125
2018-01-26,-0.0265691,0.246,0.355,0.493934084507,-0.506054385965,-0.00548242424242,0.3090909090909091,0.34545454545454546,0.469603508772,-0.485473684211
2018-01-24,-0.0045558,0.278,0.378,0.444548148148,-0.501729651163,0.035591875,0.36875,0.35625,0.454192982456,-0.458961363636
2018-01-25,-0.0200052,0.316,0.343,0.436307580175,-0.497532844575,0.0501771573604,0.3299492385786802,0.38071065989847713,0.484888,-0.46459122807
2018-01-27,-0.0613118,0.269,0.313,0.470852715655,-0.499255263158,-0.0511651898734,0.24050632911392406,0.34177215189873417,0.465937037037,-0.503707575758
2018-01-22,-0.0567531,0.302,0.296,0.462050337838,-0.481393034826,-0.0163704225352,0.323943661971831,0.3286384976525822,0.460082857143,-0.482333783784
2018-01-23,-0.0720957,0.3,0.322,0.411626086957,-0.541373809524,0.00419817073171,0.3231707317073171,0.36585365853658536,0.414235,-0.473835294118
2018-02-01,-0.0325341,0.235,0.348,0.449599425287,-0.45322470024,-0.00562747252747,0.25274725274725274,0.3516483516483517,0.485653125,-0.445916666667
2018-01-29,-0.0624247,0.286,0.315,0.411128571429,-0.481028070175,-0.0112144578313,0.3253012048192771,0.3433734939759036,0.43828245614,-0.488067272727
2018-01-31,-0.0356874,0.269,0.344,0.447540406977,-0.490029198966,0.0205413580247,0.2839506172839506,0.36419753086419754,0.516783050847,-0.476535087719
2018-02-04,0.0245987,0.295,0.378,0.470410846561,-0.468552293578,0.0253780645161,0.3161290322580645,0.36774193548387096,0.512445614035,-0.515832653061
2018-02-03,-0.0275173,0.249,0.346,0.450782369942,-0.453056790123,0.0127598837209,0.31976744186046513,0.36627906976744184,0.452542857143,-0.487324074074
2018-01-30,0.0166417,0.298,0.373,0.443649329759,-0.452399696049,-0.0542518324607,0.33507853403141363,0.3193717277486911,0.416698360656,-0.542131818182
2018-02-02,-0.025127,0.307,0.331,0.445087613293,-0.476383977901,0.01745,0.31313131313131315,0.35858585858585856,0.45566056338,-0.444566153846
2018-02-11,-0.0876849,0.218,0.323,0.447117647059,-0.505672984749,0.0183915151515,0.22424242424242424,0.3878787878787879,0.4848296875,-0.4374140625
2018-02-05,-0.0546966,0.246,0.328,0.434066768293,-0.462606807512,-0.0521470588235,0.3048128342245989,0.32085561497326204,0.432013333333,-0.509604285714
2018-02-08,-0.0707054,0.262,0.323,0.468908978328,-0.53533253012,0.00257389162562,0.27586206896551724,0.37438423645320196,0.479440789474,-0.505845070423
2018-02-10,-0.1133183,0.291,0.263,0.458470342205,-0.524430493274,-0.0586903225806,0.3419354838709677,0.2645161290322581,0.531336585366,-0.506259016393
2018-02-06,-0.0364551,0.209,0.355,0.439477183099,-0.441443807339,0.012881372549,0.23529411764705882,0.39215686274509803,0.46616,-0.456118421053
2018-02-07,-0.1026602,0.31,0.267,0.424013483146,-0.510335224586,-0.0980147540984,0.26229508196721313,0.29508196721311475,0.43252037037,-0.509787654321
2018-02-09,-0.0890268,0.206,0.316,0.46744778481,-0.495272594142,0.000732748538012,0.30994152046783624,0.3508771929824561,0.447711666667,-0.460989655172
2018-02-16,-0.062797,0.254,0.357,0.35636162465,-0.48847840617,-0.0790031446541,0.3522012578616352,0.24528301886792453,0.420076923077,-0.4522578125
2018-02-18,-0.0968789,0.251,0.275,0.453054545455,-0.467233966245,-0.0824139303483,0.2885572139303483,0.27860696517412936,0.414510714286,-0.457216091954
2018-02-17,-0.0232972,0.291,0.338,0.44609112426,-0.46920754717,-0.00831367924528,0.33962264150943394,0.32547169811320753,0.453869565217,-0.465908450704
2018-02-13,-0.0350841,0.273,0.342,0.395300877193,-0.442277922078,0.00591744186047,0.3023255813953488,0.36046511627906974,0.44314516129,-0.45615862069
2018-02-15,-0.106178,0.227,0.332,0.387378614458,-0.532398412698,-0.135717277487,0.225130890052356,0.29842931937172773,0.386668421053,-0.527056043956
2018-02-12,-0.0961062,0.267,0.275,0.437198181818,-0.472348689956,-0.0186148351648,0.35714285714285715,0.3241758241758242,0.40116779661,-0.466496551724
2018-02-14,-0.0671992,0.268,0.313,0.437809584665,-0.487431026253,-0.106701754386,0.29385964912280704,0.2850877192982456,0.400609230769,-0.5246625
2018-02-19,-0.0925905,0.227,0.318,0.387026415094,-0.473988791209,-0.0562773399015,0.2660098522167488,0.33497536945812806,0.422616176471,-0.49582962963
2018-02-25,0.0054368,0.267,0.388,0.433878350515,-0.472197101449,-0.00389949238579,0.350253807106599,0.3299492385786802,0.433863076923,-0.45983015873
2018-02-21,-0.0682706,0.236,0.325,0.410638153846,-0.459517084282,-0.049384079602,0.29850746268656714,0.2935323383084577,0.433289830508,-0.432808536585
2018-02-20,-0.0809527,0.192,0.351,0.419031623932,-0.498977680525,-0.0448110599078,0.25806451612903225,0.3456221198156682,0.415838666667,-0.475719767442
2018-02-22,-0.0656119,0.299,0.295,0.42331220339,-0.469184729064,-0.0373138888889,0.32142857142857145,0.30952380952380953,0.452507692308,-0.480631182796
2018-02-23,-0.0540404,0.262,0.299,0.438001672241,-0.421418906606,-0.0709644670051,0.3197969543147208,0.2639593908629442,0.458155769231,-0.461025609756
2018-02-24,-0.0236789,0.269,0.354,0.395665254237,-0.434335278515,0.0416103092784,0.25773195876288657,0.42783505154639173,0.466903614458,-0.502960655738
2018-02-27,-0.0044805,0.269,0.391,0.367103069054,-0.435346470588,0.0220853658537,0.21951219512195122,0.43414634146341463,0.423679775281,-0.467323943662
2018-03-03,-0.118852,0.246,0.268,0.439840671642,-0.487097325103,-0.0917697916667,0.3229166666666667,0.25,0.483160416667,-0.497701219512
2018-03-01,-0.0320807,0.339,0.316,0.416062341772,-0.474076521739,-0.110296650718,0.3062200956937799,0.2535885167464115,0.430341509434,-0.498479347826
2018-02-26,0.014293,0.261,0.393,0.42425826972,-0.440579479769,-0.0660620689655,0.27586206896551724,0.33004926108374383,0.356697014925,-0.46636625
2018-03-04,-0.0132851,0.218,0.392,0.446572193878,-0.482926666667,-0.031764321608,0.27638190954773867,0.35678391959798994,0.438064788732,-0.512653424658
2018-02-28,0.0179867,0.229,0.437,0.399201830664,-0.468456586826,0.00240205128205,0.28717948717948716,0.37435897435897436,0.424861643836,-0.462825757576
2018-03-02,-0.0896509,0.225,0.316,0.386487025316,-0.461396078431,-0.0733949438202,0.25280898876404495,0.3202247191011236,0.442357894737,-0.503667105263
2018-03-09,-0.0184669,0.27,0.35,0.435926857143,-0.450108684211,0.00935433789954,0.2831050228310502,0.365296803652968,0.4653625,-0.456888311688
2018-03-11,0.0077284,0.214,0.406,0.466524630542,-0.478106842105,0.00514745762712,0.24293785310734464,0.3615819209039548,0.484771875,-0.430204285714
2018-03-10,0.0743484,0.298,0.433,0.464765588915,-0.471728996283,0.101256281407,0.33668341708542715,0.4371859296482412,0.502544827586,-0.523808888889
2018-03-07,-0.0490644,0.239,0.351,0.394257264957,-0.45719195122,-0.00620666666667,0.3090909090909091,0.36363636363636365,0.410291666667,-0.474844444444
2018-03-05,-0.0682004,0.313,0.29,0.430807931034,-0.486485390428,-0.0396474285714,0.28,0.36,0.401147619048,-0.511279365079
2018-03-08,-0.0415821,0.303,0.313,0.455974121406,-0.479953125,-0.00128171428571,0.34285714285714286,0.34285714285714286,0.449931666667,-0.494912727273
2018-03-06,-0.065744,0.218,0.33,0.440450606061,-0.467019247788,-0.0377202531646,0.26582278481012656,0.2974683544303797,0.498089361702,-0.425652173913
2018-03-14,-0.002052,0.253,0.375,0.4368384,-0.445877419355,-0.0278951086957,0.2826086956521739,0.34782608695652173,0.451471875,-0.500395588235
2018-03-12,-0.0433443,0.207,0.361,0.404819944598,-0.438621064815,-0.0486566037736,0.2893081761006289,0.2893081761006289,0.426084782609,-0.408004477612
2018-03-16,-0.0981401,0.274,0.271,0.426769741697,-0.469878461538,-0.0590042328042,0.2857142857142857,0.30158730158730157,0.438685964912,-0.46355
2018-03-15,-0.0414907,0.32,0.288,0.478562152778,-0.457440306122,-0.0410770053476,0.34759358288770054,0.28342245989304815,0.433339622642,-0.444179710145
2018-03-13,-0.0527711,0.267,0.342,0.424727192982,-0.506464961637,-0.0407739130435,0.2608695652173913,0.35403726708074534,0.411866666667,-0.484532258065
2018-03-17,-0.1162291,0.219,0.286,0.405097902098,-0.468862828283,-0.109039263804,0.2822085889570552,0.26993865030674846,0.417665909091,-0.495215068493
2018-03-18,-0.0567518,0.242,0.342,0.408364327485,-0.472145192308,-0.093162987013,0.3116883116883117,0.24675324675324675,0.439121052632,-0.456377941176
2018-03-19,-0.0134931,0.259,0.356,0.48127247191,-0.480067792208,0.0268415458937,0.22705314009661837,0.41545893719806765,0.504554651163,-0.511290540541
2018-03-23,-0.0576042,0.252,0.333,0.3964,-0.456880481928,0.0269676923077,0.30256410256410254,0.39487179487179486,0.438944155844,-0.483728813559
2018-03-22,-0.0652621,0.24,0.334,0.441295209581,-0.49918943662,-0.0677333333333,0.27111111111111114,0.30666666666666664,0.442615942029,-0.4819
2018-03-25,-0.0474678,0.319,0.304,0.473539144737,-0.507755172414,-0.0516177570093,0.26635514018691586,0.3364485981308411,0.409575,-0.476889411765
2018-03-20,-0.0172587,0.21,0.406,0.411302216749,-0.4798109375,-0.0992934065934,0.2692307692307692,0.26373626373626374,0.452608333333,-0.468195294118
2018-03-21,-0.0482371,0.264,0.351,0.414078917379,-0.502802077922,-0.00376995073892,0.2955665024630542,0.3645320197044335,0.439713513514,-0.482668115942
2018-03-24,-0.0138793,0.346,0.332,0.419388554217,-0.475516459627,-0.0285308571429,0.3485714285714286,0.30857142857142855,0.428277777778,-0.468665
2018-03-31,-0.0475522,0.202,0.362,0.466691436464,-0.496547018349,-0.0462913978495,0.27956989247311825,0.3064516129032258,0.481307017544,-0.468112987013
2018-04-01,-0.0185744,0.242,0.358,0.458660614525,-0.45693725,-0.0126953216374,0.29239766081871343,0.3508771929824561,0.457526666667,-0.485614754098
2018-03-26,-0.04326,0.244,0.369,0.402796205962,-0.495844444444,-0.0555581920904,0.327683615819209,0.3163841807909605,0.404396428571,-0.515555555556
2018-03-30,-0.0397055,0.2,0.344,0.460851162791,-0.434733114035,-0.054360952381,0.2761904761904762,0.3047619047619048,0.458878125,-0.463454545455
2018-03-28,0.0012239,0.287,0.364,0.418457692308,-0.432936103152,-0.00276420454545,0.3181818181818182,0.3522727272727273,0.447967741935,-0.48725
2018-03-29,-0.0364378,0.259,0.335,0.47674358209,-0.48312044335,0.0370801136364,0.2840909090909091,0.36363636363636365,0.5083328125,-0.419470967742
2018-03-27,-0.0252441,0.261,0.365,0.410250136986,-0.46787540107,-0.0518311320755,0.33490566037735847,0.3018867924528302,0.419240625,-0.491163636364
2018-04-04,-0.0183054,0.241,0.394,0.411458121827,-0.49430109589,-0.0611189349112,0.23668639053254437,0.33136094674556216,0.424725,-0.467310958904
2018-04-03,-0.0884324,0.254,0.315,0.392463809524,-0.492015081206,-0.12271588785,0.29439252336448596,0.2570093457943925,0.417892727273,-0.512971875
2018-04-05,-0.0781066,0.235,0.309,0.449321359223,-0.475760745614,-0.0631931707317,0.2975609756097561,0.2926829268292683,0.477473333333,-0.495273809524
2018-04-07,-0.1218603,0.188,0.319,0.401728840125,-0.507123326572,-0.164622790698,0.18604651162790697,0.2744186046511628,0.408294915254,-0.512787068966
2018-04-06,-0.0499277,0.299,0.328,0.466342987805,-0.543936193029,-0.0783426395939,0.3350253807106599,0.27918781725888325,0.457530909091,-0.534180263158
2018-04-08,-0.1427147,0.2,0.295,0.396950508475,-0.514485346535,-0.0545819672131,0.29508196721311475,0.3114754098360656,0.462143859649,-0.504593055556
2018-04-02,-0.0595779,0.211,0.357,0.420537815126,-0.485439583333,-0.0873219251337,0.27807486631016043,0.2887700534759358,0.424692592593,-0.48472345679
2018-04-09,-0.1208651,0.297,0.26,0.386642692308,-0.499756659142,-0.0338868020305,0.3299492385786802,0.29949238578680204,0.468291525424,-0.469930136986
2018-04-11,-0.0113003,0.245,0.375,0.428622666667,-0.452720526316,-0.054462244898,0.27040816326530615,0.3010204081632653,0.437781355932,-0.434567857143
2018-04-10,-0.0668348,0.197,0.339,0.438101474926,-0.464118965517,0.0145452702703,0.23648648648648649,0.3783783783783784,0.486903571429,-0.440594736842
2018-04-13,-0.0091338,0.252,0.368,0.431270923913,-0.441688157895,-0.0214284263959,0.29441624365482233,0.34517766497461927,0.451288235294,-0.491676056338
2018-04-14,-0.0579099,0.187,0.358,0.463997486034,-0.492353846154,-0.00375267175573,0.31297709923664124,0.3435114503816794,0.470268888889,-0.481193333333
2018-04-15,-0.0689736,0.237,0.336,0.414648809524,-0.487811709602,-0.0336464088398,0.27071823204419887,0.35911602209944754,0.408976923077,-0.487664179104
2018-04-12,-0.0323202,0.291,0.315,0.470559047619,-0.458239340102,-0.0581358381503,0.26011560693641617,0.31213872832369943,0.42237037037,-0.444128378378
2018-04-16,-0.0074601,0.291,0.362,0.434614088398,-0.474900288184,-0.0141067901235,0.3271604938271605,0.3333333333333333,0.422101851852,-0.455978181818
2018-04-22,0.00735,0.229,0.411,0.448353041363,-0.491453055556,-0.00917486631016,0.2620320855614973,0.3850267379679144,0.459725,-0.527513636364
2018-04-19,0.0460136,0.261,0.418,0.444478229665,-0.435446417445,0.00909144385027,0.27807486631016043,0.3850267379679144,0.428790277778,-0.46306031746
2018-04-17,-0.0517572,0.312,0.302,0.446147350993,-0.483144300518,-0.00942074468085,0.3723404255319149,0.2978723404255319,0.491507142857,-0.472508064516
2018-04-18,-0.0506682,0.272,0.322,0.423118322981,-0.460375123153,-0.0020453125,0.3229166666666667,0.3072916666666667,0.488223728814,-0.411238028169
2018-04-20,-0.0207744,0.265,0.354,0.426623728814,-0.450916535433,0.00598488372093,0.2441860465116279,0.36046511627906974,0.433930645161,-0.380504411765
2018-04-21,-0.0194427,0.294,0.332,0.453868072289,-0.454884759358,-0.037610989011,0.29120879120879123,0.3021978021978022,0.438990909091,-0.41877972973
2018-04-28,0.0337869,0.307,0.362,0.51342320442,-0.459432930514,0.0816121052632,0.2894736842105263,0.42105263157894735,0.49735875,-0.441498181818
2018-04-29,0.045811,0.209,0.426,0.49636713615,-0.453812054795,0.0232335766423,0.2773722627737226,0.40145985401459855,0.453429090909,-0.494445454545
2018-04-30,-0.0348255,0.212,0.376,0.467819680851,-0.511470145631,-0.0381647798742,0.2641509433962264,0.3584905660377358,0.399457894737,-0.480621666667
2018-04-26,0.0276142,0.204,0.425,0.494828235294,-0.492419946092,-0.0188536723164,0.2937853107344633,0.3389830508474576,0.467711666667,-0.483073846154
2018-05-01,-0.0137945,0.322,0.352,0.419637784091,-0.495420245399,-0.0692476635514,0.27102803738317754,0.3177570093457944,0.420091176471,-0.493013636364
2018-04-27,0.0400557,0.267,0.388,0.467762628866,-0.40996,0.0311261744966,0.30201342281879195,0.40268456375838924,0.419198333333,-0.466229545455
2018-04-25,0.0407986,0.188,0.466,0.419686695279,-0.447327745665,0.105496111111,0.2222222222222222,0.5,0.460438888889,-0.449004
2018-04-30,-0.0365341,0.212,0.375,0.466985866667,-0.512478934625,-0.0388829113924,0.25949367088607594,0.36075949367088606,0.399457894737,-0.481876666667
2018-05-04,-0.0615149,0.191,0.363,0.446541046832,-0.501366143498,-0.0180976190476,0.2857142857142857,0.3630952380952381,0.444481967213,-0.511081355932
2018-05-03,-0.0103627,0.27,0.347,0.474216714697,-0.456699477807,-0.0359563157895,0.24210526315789474,0.3631578947368421,0.437933333333,-0.493988
2018-05-01,-0.015967,0.321,0.349,0.420396275072,-0.492985757576,-0.0736934579439,0.2757009345794392,0.308411214953271,0.415098484848,-0.485021348315
2018-05-06,-0.0203084,0.273,0.341,0.482590029326,-0.478941968912,-0.0326709677419,0.3419354838709677,0.2967741935483871,0.533986956522,-0.529060714286
2018-05-05,-0.0521405,0.231,0.327,0.497409174312,-0.485957692308,-0.0857180645161,0.2645161290322581,0.3032258064516129,0.465570212766,-0.524897014925
2018-05-02,0.0288183,0.265,0.396,0.482050505051,-0.478093510324,0.0356815028902,0.31213872832369943,0.3815028901734104,0.435918181818,-0.426371698113
2018-05-10,0.0055493,0.267,0.386,0.457097150259,-0.492478962536,0.03487,0.275,0.375,0.507385333333,-0.443998571429
2018-05-11,-0.0665343,0.29,0.291,0.459560137457,-0.477962529833,-0.024850310559,0.3167701863354037,0.32298136645962733,0.449792307692,-0.472243103448
2018-05-13,0.0442853,0.32,0.387,0.450890439276,-0.444400341297,-0.00142209302326,0.29069767441860467,0.3546511627906977,0.45253442623,-0.456544262295
2018-05-07,-0.0498568,0.233,0.346,0.472665895954,-0.506886460808,-0.0210773399015,0.27586206896551724,0.3497536945812808,0.468408450704,-0.493890789474
2018-05-12,-0.0201996,0.242,0.366,0.459630054645,-0.480673979592,0.0218674157303,0.21348314606741572,0.42134831460674155,0.474026666667,-0.487070769231
2018-05-08,0.0057534,0.283,0.364,0.434318406593,-0.431553824363,-0.00986953125,0.3046875,0.328125,0.458261904762,-0.436389361702
2018-05-09,-0.0089011,0.251,0.367,0.423034877384,-0.42972486911,-0.0199751322751,0.2275132275132275,0.3544973544973545,0.462846268657,-0.440329113924
2018-05-16,-0.0401499,0.273,0.341,0.416279472141,-0.471764766839,-0.0869662576687,0.3006134969325153,0.2822085889570552,0.47862826087,-0.532241176471
2018-05-18,-0.0685632,0.266,0.318,0.428554402516,-0.492412259615,-0.0253367875648,0.26424870466321243,0.33678756476683935,0.457106153846,-0.449375324675
2018-05-17,-0.047189,0.334,0.297,0.466724242424,-0.503539566396,0.00467643979058,0.33507853403141363,0.3612565445026178,0.459271014493,-0.530974137931
2018-05-15,-0.0438695,0.255,0.338,0.45119112426,-0.482486732187,-0.0493486631016,0.2994652406417112,0.2994652406417112,0.445519642857,-0.455697333333
2018-05-20,-0.0152382,0.252,0.358,0.46597877095,-0.466816923077,-0.0775177419355,0.40860215053763443,0.24193548387096775,0.381115555556,-0.485669230769
2018-05-14,0.0149275,0.244,0.397,0.483332241814,-0.492911977716,0.0211849315068,0.3698630136986301,0.3493150684931507,0.436415686275,-0.467419512195
2018-05-19,-0.0117881,0.239,0.392,0.443735459184,-0.503339837398,-0.0214316901408,0.3028169014084507,0.352112676056338,0.435246,-0.506236734694
